Timestamp,ID Monitoring,Nama Kegiatan,Tanggal Kegiatan,Kategori,Program,Program Studi,Bulan Laporan,Tahun Laporan,Periode,Progres,Penanggung Jawab,Tempat,Jumlah Peserta,Prioritas,Target,Status Target,Tindak Lanjut,Hasil Output,Catatan,Evaluasi Feedback,Link Dokumentasi
23/06/2026 21:00:42,FAST-20260623-001,Sosialisasi Dan Kerjasama Dengan SMA Negeri 16 Semarang,,,Sosialisasi PMB,Program Studi Digabung,April,2026,Bulanan,Selesai,Admin FAST,,,Tinggi,Mendapatkan Kerjasama dengan SMA N 16 Semarang,Tercapai,Follow Up Dengan Waka Kesiswaan,https://drive.google.com/drive/folders/16eUJt4VLFRWsS9zfDVbAuzu2T4Yj14kc?usp=drive_link,,,
23/06/2026 21:03:06,FAST-20260623-002,Sosialisasi dan Kerjasama Dengan SMA Negeri 14 Semarang,,,SOSIALISASI PMB,Program Studi Digabung,April,2026,Bulanan,Selesai,Admin FAST,,,Tinggi,Kerjasama Dengan Pihak SMA Negeri 14 Semarang,Tercapai,Follow Up Dengan Waka Kesiswaan / Guru BK,,,,
23/06/2026 21:04:44,FAST-20260623-003,Sosialisasi PMB Kuliah Di SMK HIDAYAH SEMARANG,,,SOSIALISASI PMB,Program Studi Digabung,April,2026,Bulanan,Selesai,Admin FAST,,,Tinggi,Sosialisasi dengan siswa kelas 12 smk hidayah semarang,Tercapai,Follow up dan Blasting Whatsapp siswa smk hidayah,https://www.instagram.com/p/DXd6n2bjtnv/?img_index=1,,,
23/06/2026 21:05:32,FAST-20260623-004,Sosialisasi PMB Kuliah Di SMK SUDIRMAN SEMARANG,,,SOSIALISASI PMB,Program Studi Digabung,April,2026,Bulanan,Selesai,Admin FAST,,,Tinggi,Sosialisasi dengan siswa kelas 12 smk sudirman semarang,Tercapai,Follow up dan Blasting Whatsapp siswa smk sudirman,https://www.instagram.com/p/DXqLxoNB_SD/,,,
23/06/2026 21:13:03,FAST-20260623-005,Rapat Kerjasama Dengan Kecamatan Gunungpati,,,Rapat dan Kerjasama,Program Studi Digabung,April,2026,Bulanan,Selesai,Admin FAST,,,Tinggi,Menjalin Kerjasama Dengan Bp Anjar Untuk Wilayah Kecamatan Gunungpati,Tercapai,Follow Up Kerjasama Dengan Bp Anjar,https://www.instagram.com/p/DXtRbw7k2T8/,,,
23/06/2026 21:14:48,FAST-20260623-006,Pengajuan Pembukaan Akun SALAM LAM INFOKOM,,,Pengajuan Akun SALAM LAM INFOKOM,Program Studi Digabung,Juni,2026,Bulanan,Selesai,Admin FAST,,,Tinggi,Membuka Akun SALAM LAM INFOKOM bagi program Studi S1 Informatika dan S1 Sains Data,Tercapai,Melakukan Upload Berkas Pengajuan Akun SALAM LAM INFOKOM,https://drive.google.com/drive/folders/1iHiVkHDwS11PziHZqIMpZFg5sC2ttq2k?usp=drive_link,,,
23/06/2026 21:21:34,FAST-20260623-007,Pengajuan Berkas Pembukaan Akun SAKTI LAM TEKNIK,,,Pengajuan Akun SAKTI LAM TEKNIK,Program Studi Digabung,Juni,2026,Bulanan,Selesai,Admin FAST,,,Tinggi,Pembukaan Akun SAKTI LAM TEKNIK untuk keperluan Akreditasi S1 Teknik Industri,Tercapai,Follow up dan upload berkas yang diperlukan,https://drive.google.com/drive/folders/11DhEoh5uDQ3LB5ghIjcws3hJLQJyYH2F?usp=drive_link,,,
23/06/2026 21:24:35,FAST-20260623-008,Pembekalan Siswa Kelas 12 Pra Kelulusan di SMK LPI SEMARANG,,,Pembekalan Siswa Pra Kelulusan,Program Studi Digabung,Mei,2026,Bulanan,Selesai,Admin FAST,,,Tinggi,Melakukan pembekalan dan arahan sosialisasi PMB Di SMK LPI SEMARANG,Tercapai,Melakukan Blasting Whatsapp dan Mengajak Bergabung Kuliah di USTEDI,https://www.instagram.com/p/DX57oyJARdQ/?igsh=MWVrbmo3ZGlnNDR3Yw==,,,
23/06/2026 21:26:42,FAST-20260623-009,Melakukan Blasting Whatsapp dengan Siswa SMK LPI Semarang,,,Blasting Whatsapp Dengan SMK,Program Studi Digabung,Juni,2026,Bulanan,Selesai,Admin FAST,,,Rendah,Memberikan informasi melalui whatsapp tentang kuliah di USTEDI,Tercapai,Follow Up melalui Blasting Whatsapp ke nomor siswa,https://drive.google.com/drive/folders/1KoyKg-nP70P_TttV6z-fHC3MNOXrjFwR?usp=drive_link,,,
23/06/2026 21:30:01,FAST-20260623-010,Pengenalan Aplikasi SIMPONI Di Kelurahan Gisikdrono,,,Kegiatan Posyandu Kecamatan,Program Studi Digabung,Juni,2026,Bulanan,Selesai,Admin FAST,,,Tinggi,Pengenalan Aplikasi Simponi dan Sosialisasi pengenalan USTEDI,Tercapai,Pemberian Informasi kepada warga tentang kuliah di ustedi dan penerapan SIMPONI,https://ustedi.ac.id/lainnya/berita/77,,,
23/06/2026 21:31:40,FAST-20260623-011,Kegiatan Workshop Inkubator Bisnis Bagi Wirausaha Muda Kota Semarang,,,Workshop Inkubasi Bisnis Wiramuda Semarang Diaspora,Program Studi Digabung,Juni,2026,Bulanan,Selesai,Admin FAST,,,Tinggi,Pendampingan Bisnis dan Pengenalan USTEDI,Tercapai,Pemberian informasi kuliah di ustedi dan sosialisasi bisnis,https://www.instagram.com/p/DZMWzh4BYul/?igsh=cnZnMHhwazg1ZzNu,,,
23/06/2026 21:33:18,FAST-20260623-012,Pelatihan dan pendampingan wirausaha umkm kota semarang di rumah BUMN,,,PKM RUMAH BUMN Untuk UMKM Kota Semarang,Program Studi Digabung,Juni,2026,Bulanan,Selesai,Admin FAST,,,Tinggi,memberikan pelatihan kepada umkm kota semarang,Tercapai,pendampingan dengan UMKM Kota Semarang,https://drive.google.com/drive/folders/1hCezsdq65N09R9gQYmQ65tigRZwwn67_?usp=drive_link,,,
23/06/2026 21:35:13,FAST-20260623-013,Pembuatan Kurikulum Program Studi di Fakultas Sains dan Teknologi USTEDI,,,Pembuatan Kurikulum Program Studi,Program Studi Digabung,Mei,2026,Bulanan,Dalam Proses,Admin FAST,,,Tinggi,Pembuatan kurikulum OBE Fakultas Sains dan Teknologi USTEDI untuk 3 jurusan,Dalam Proses,Dalam Proses penyempurnaan sesuai dengan OBE,,,,
23/06/2026 21:36:50,FAST-20260623-014,Pengajuan Status Akreditasi Pertama Program Studi Informatika dan Sains Data,,,Pengajuan Status Akreditasi Pertama Program Studi,Program Studi Digabung,Juni,2026,Bulanan,Dalam Proses,Admin FAST,,,Tinggi,Upload Berkas Pengajuan Status Akreditasi Pertama Program Studi S1 Informatika s1 Sains Data,Dalam Proses,Upload dan scan berkas ke Akun SALAM LAM INFOKOM,https://drive.google.com/drive/folders/1-vuU_o0Vi0dQa1FKlo_OOgYkt45GaueS?usp=drive_link,,,
23/06/2026 21:39:14,FAST-20260623-015,Melakukan penjadwalan iklan ads promosi USTEDI Di halaman facebook Kuliah Di Ustedi,,,Melakukan Iklan Ads Promosi USTEDI,Program Studi Digabung,Juni,2026,Bulanan,Selesai,Admin FAST,,,Tinggi,pengenalan ustedi melalui iklan berbayar facebook,Tercapai,"follow up, blasting dan membalas chat yang ingin daftar",https://drive.google.com/drive/folders/1S09Z3nav3mQT8hKBRSHunCfPqGSBg3K7?usp=drive_link,,,
23/06/2026 21:40:46,FAST-20260623-016,Membuat Karya Riset Ilmiah (KARISMA) OJK 2026,,,Mengikuti KARISMA OJK 2026,Program Studi Digabung,Juni,2026,Bulanan,Selesai,Admin FAST,,,Tinggi,Membuat sebuah karya riset ilmiah untuk lomba OJK,Tercapai,Sudah di upload melalui link Karisma OJK,https://drive.google.com/drive/folders/1HZbB5Dr99MeoF2s5eceQRT612cQ6p_aR?usp=sharing,,,
23/06/2026 21:42:51,FAST-20260623-017,Pengabdian kepada masyarakat IKM Demak Foto Produk dengan AI,,,Pengajuan PKM IKM DEMAK,Program Studi Digabung,Mei,2026,Bulanan,Selesai,Admin FAST,,,Tinggi,"membuat proposal, laporan, dan upload jurnal pengabdian",Tercapai,sudah menyelesaikan semua termasuk LOA Jurnal,https://jurnal.universitaslia.ac.id/index.php/dima/article/view/240,,,
23/06/2026 21:45:49,FAST-20260623-018,Membuat Penelitian Tentang Pangan Nasional dan upload jurnal terindeks Sinta,,,Membuat Penelitian Tentang Pangan Nasional,Program Studi Digabung,Mei,2026,Bulanan,Selesai,Admin FAST,,,Tinggi,membuat jurnal tentang pangan nasional dengan metode K-Means,Tercapai,Upload jurnal JOISTICS dan telah mendapatkan LOA Jurnal,https://journal.uyr.ac.id/index.php/JOISTICS/article/view/933,,,
23/06/2026 21:57:15,FAST-20260623-019,Menjalin Kerjasama Dengan SMK yang ada Di Temanggung,,,SOSIALISASI PMB TEMANGGUNG,Program Studi Digabung,Mei,2026,Bulanan,Selesai,Admin FAST,,,Tinggi,Mendapatkan kerjasama dengan SMK di Temanggung untuk sosialisasi USTEDI,Tercapai,Follow Up ke pihak smk,https://www.instagram.com/p/DYBSg84gWsq/?igsh=MWJwNzNqeG5qdzEwYQ==,,,
24/06/2026 7:45:04,FAST-20260624-001,Penelitian analisis kinerja akun Instagram Umkm kota Semarang,,,Riset penelitian akun Instagram umkm,Program Studi Digabung,Juni,2026,Bulanan,Dalam Proses,Admin FAST,,,Tinggi,Analisis sentimen performa akun Instagram umkm kota Semarang,Dalam Proses,Mencari data dan dilakukan olah data dengan machine learning,https://colab.research.google.com/drive/1PAjnirJQsgLL9ntW0hXFuVpAt1-_VKWP?usp=sharing,,,
24/06/2026 11:22:59,FAST-20260624-002,Verifikasi dan Validasi,,,Tim Taskin Kesra Pemprov Jateng 8 kota,Program Studi Digabung,Juni,2026,Bulanan,Dalam Proses,Admin FAST,,,Tinggi,Pembinaan 8 Desa,Dalam Proses,Monitoring,https://www.instagram.com/p/DZwNeT9PBoI/,,,
24/06/2026 11:28:21,FAST-20260624-003,Kunjungan Ke Industri dan Bertemu HIPMI PT Surakarta,,,Kunjungan Ke Industri dan Bertemu HIPMI PT Surakarta,Program Studi Digabung,Juni,2026,Bulanan,Selesai,Admin FAST,,,Tinggi,Kerjasama dengan HIPMI Surakarta untuk mensukseskan inkubator bisnis DI 3 Kelurahan Kota Surakarta,Tercapai,Monitoring Kegiatan,,,program nya bagus lanjutkan,
24/06/2026 11:32:52,FAST-20260624-004,Sosialisasi Kuliah Kepada Siswa Kelas 12 di SMK Nusaputera 02 Semarang,,,SOSIALISASI PMB SMK / SMA,Program Studi Digabung,April,2026,Bulanan,Selesai,Admin FAST,,,Tinggi,Mendapatkan Mahasiswa dari Siswa Kelas 12 SMK Nusaputera 02 Semarang,Tercapai,Blasting Penawaran Kuliah USTEDI,,,,
24/06/2026 11:34:53,FAST-20260624-005,Sosialisasi Kuliah / PMB kepada siswa kelas 12 di SMK PGRI 01 Semarang,,,SOSIALISASI PMB SMK / SMA,Program Studi Digabung,April,2026,Bulanan,Selesai,Admin FAST,,,Tinggi,Mendapatkan mahasiswa dari siswa kelas 12 SMK PGRI 01 Semarang,Tercapai,Blasting dan Pengenalan USTEDI Melalui whatsapp,,,,
24/06/2026 11:38:19,FAST-20260624-006,Sosialisasi dan menjalin kerjasama FASTER ACADEMY Dengan SMK BINUS UNGARAN,,,SOSIALISASI DAN KERJASAMA FASTER ACADEMY Di SMK BINUS UNGARAN,Program Studi Digabung,Mei,2026,Bulanan,Selesai,Admin FAST,,,Tinggi,Mendapatkan kerjasama dengan pihak SMK BINUS UNGARAN,Tercapai,Follow up dan monitoring kerjasama dengan pihak SMK,https://www.instagram.com/p/DYv9j6SBN7K/,,,
24/06/2026 11:45:58,FAST-20260624-007,Sosialisasi dan Kerjasama FASTER ACADEMY Dengan SMK N 9 Semarang dan MGMP KIK,,,Sosialisasi dan Kerjasama FASTER ACADEMY Dengan SMK N 9 Semarang dan MGMP KIK,Program Studi Digabung,April,2026,Bulanan,Selesai,Admin FAST,,,Tinggi,Mendapatkan kerjasama dengan SMK N 9 Semarang dan MGMP KIK Bu Nanik Selaku Ketua,Tercapai,Follow Up kepada Bu Nanik selaku Ketua MGMP KIK,https://www.instagram.com/p/DXwidichnlh/,,,
23/07/2026 13:25:29,FAST-20260723-002,Penerbitan Jurnal IKM DIMA,,,Pengabdian Masyarakat,Program Studi Digabung,Juli,2026,Bulanan,Selesai,Admin FAST,,,Tinggi,Terbit jurnal DIMA (pengabdian masyarakat) Universitas LIA,Tercapai,Tercapai,https://ojs.universitaslia.ac.id/index.php/dima/article/view/240,,,
23/07/2026 13:28:25,FAST-20260723-003,Penelitian Mapping Regional Clusters Based on Total Rescued Food in Indonesia Using K-Means Clustering,,,Penelitian,Program Studi Digabung,Juli,2026,Bulanan,Selesai,Admin FAST,,,Tinggi,Capaian Publikasi Jurnal Di Jurnal JOISTICS (Journal of Information Systems and Data Analytics),Tercapai,Penerbitan Jurnal Bulan Juni,https://journal.uyr.ac.id/index.php/JOISTICS/article/view/933,,,
23/07/2026 13:31:44,FAST-20260723-004,Penerapan Launching Pilot Project 3 Kelurahan Di Surakarta,,,Pengabdian Tridharma,Program Studi Digabung,Juli,2026,Bulanan,Dalam Proses,Admin FAST,,,Tinggi,Dalam Proses pilot project yang ada 3 kelurahan di Surakarta,Dalam Proses,Dalam Proses pilot project yang ada 3 kelurahan di Surakarta,,,,
23/07/2026 19:53:31,FAST-20260723-005,Sosialisasi Studi Lanjut Kuliah USTEDI DI SMK Negeri 11 Semarang,,,Penerimaan Mahasiswa Baru,Program Studi Digabung,Juli,2026,Bulanan,Selesai,Admin FAST,,,Tinggi,Sosialisasi dan kerjasama faster academy di SMK Negeri 11 Semarang,Tercapai,Menghubungi kembali terkait kerjasama yang sudah diberikan,,,,
23/07/2026 19:54:51,FAST-20260723-006,Sosialisasi Studi Lanjut Kuliah USTEDI DI SMA Hidayatullah Semarang,,,Penerimaan Mahasiswa Baru,Program Studi Digabung,Juli,2026,Bulanan,Selesai,Admin FAST,,,Tinggi,Sosialisasi dan kerjasama faster academy di SMA Hidayatullah Semarang,Tercapai,Menghubungi kembali terkait kerjasama yang sudah diberikan,,,,
23/07/2026 19:56:11,FAST-20260723-007,Sosialisasi Studi Lanjut Kuliah USTEDI DI SMA Negeri 12 Semarang,,,Penerimaan Mahasiswa Baru,Program Studi Digabung,Juli,2026,Bulanan,Selesai,Admin FAST,,,Tinggi,Sosialisasi dan kerjasama faster academy di SMA Negeri 12 Semarang,Tercapai,Menghubungi kembali terkait kerjasama yang sudah diberikan,,,,
23/07/2026 20:01:00,FAST-20260723-008,Sosialisasi Studi Lanjut Kuliah USTEDI DI SMK Negeri H Moenadi Ungaran,,,Penerimaan Mahasiswa Baru,Program Studi Digabung,Juli,2026,Bulanan,Selesai,Admin FAST,,,Tinggi,Sosialisasi dan kerjasama faster academy di SMK Negeri H Moenadi Ungaran,Tercapai,Menghubungi kembali terkait kerjasama yang sudah diberikan,,,,
23/07/2026 20:01:31,FAST-20260723-009,Sosialisasi Studi Lanjut Kuliah USTEDI DI SMK Widya Praja Ungaran,,,Penerimaan Mahasiswa Baru,Program Studi Digabung,Juli,2026,Bulanan,Selesai,Admin FAST,,,Tinggi,Sosialisasi dan kerjasama faster academy di SMK Widya Praja Ungaran,Tercapai,Menghubungi kembali terkait kerjasama yang sudah diberikan,,,,
23/07/2026 20:02:16,FAST-20260723-010,Sosialisasi Studi Lanjut Kuliah USTEDI DI SMK Kanisius Ungaran,,,Penerimaan Mahasiswa Baru,Program Studi Digabung,Juli,2026,Bulanan,Selesai,Admin FAST,,,Tinggi,Sosialisasi dan kerjasama faster academy di SMK Kanisius Ungaran,Tercapai,"Menghubungi kembali terkait kerjasama yang sudah diberikan, SMK Kanisius Menerima dengan baik soal Faster Academy",,,,
